name,light_years_from_earth,planet_mass,stellar_magnitude,discovery_date
11 Comae Berenices b,304,19.4 Jupiters,4.72307,2007
11 Ursae Minoris b,409,14.74 Jupiters,5.013,2009
14 Andromedae b,246,4.8 Jupiters,5.23133,2008
14 Herculis b,58,4.66 Jupiters,6.61935,2002
16 Cygni B b,69,1.78 Jupiters,6.215,1996
17 Scorpii b,408,4.32 Jupiters,5.22606,2020
18 Delphini b,249,10.3 Jupiters,5.51048,2008
1RXS J160929.1-210524 b,454,8 Jupiters,12.618,2008
24 Bootis b,313,0.91 Jupiters,5.59,2018
24 Sextantis b,235,1.99 Jupiters,6.4535,2010
11 Comae Berenices b,304,19.4 Jupiters,4.72307,2007
11 Ursae Minoris b,409,14.74 Jupiters,5.013,2009
14 Andromedae b,246,4.8 Jupiters,5.23133,2008
14 Herculis b,58,4.66 Jupiters,6.61935,2002
16 Cygni B b,69,1.78 Jupiters,6.215,1996
17 Scorpii b,408,4.32 Jupiters,5.22606,2020
18 Delphini b,249,10.3 Jupiters,5.51048,2008
1RXS J160929.1-210524 b,454,8 Jupiters,12.618,2008
24 Bootis b,313,0.91 Jupiters,5.59,2018
24 Sextantis b,235,1.99 Jupiters,6.4535,2010
11 Comae Berenices b,304,19.4 Jupiters,4.72307,2007
11 Ursae Minoris b,409,14.74 Jupiters,5.013,2009
14 Andromedae b,246,4.8 Jupiters,5.23133,2008
14 Herculis b,58,4.66 Jupiters,6.61935,2002
16 Cygni B b,69,1.78 Jupiters,6.215,1996
17 Scorpii b,408,4.32 Jupiters,5.22606,2020
18 Delphini b,249,10.3 Jupiters,5.51048,2008
1RXS J160929.1-210524 b,454,8 Jupiters,12.618,2008
24 Bootis b,313,0.91 Jupiters,5.59,2018
24 Sextantis b,235,1.99 Jupiters,6.4535,2010
11 Comae Berenices b,304,19.4 Jupiters,4.72307,2007
11 Ursae Minoris b,409,14.74 Jupiters,5.013,2009
14 Andromedae b,246,4.8 Jupiters,5.23133,2008
14 Herculis b,58,4.66 Jupiters,6.61935,2002
16 Cygni B b,69,1.78 Jupiters,6.215,1996
17 Scorpii b,408,4.32 Jupiters,5.22606,2020
18 Delphini b,249,10.3 Jupiters,5.51048,2008
1RXS J160929.1-210524 b,454,8 Jupiters,12.618,2008
24 Bootis b,313,0.91 Jupiters,5.59,2018
24 Sextantis b,235,1.99 Jupiters,6.4535,2010
11 Comae Berenices b,304,19.4 Jupiters,4.72307,2007
11 Ursae Minoris b,409,14.74 Jupiters,5.013,2009
14 Andromedae b,246,4.8 Jupiters,5.23133,2008
14 Herculis b,58,4.66 Jupiters,6.61935,2002
16 Cygni B b,69,1.78 Jupiters,6.215,1996
17 Scorpii b,408,4.32 Jupiters,5.22606,2020
18 Delphini b,249,10.3 Jupiters,5.51048,2008
1RXS J160929.1-210524 b,454,8 Jupiters,12.618,2008
24 Bootis b,313,0.91 Jupiters,5.59,2018
24 Sextantis b,235,1.99 Jupiters,6.4535,2010
11 Comae Berenices b,304,19.4 Jupiters,4.72307,2007
11 Ursae Minoris b,409,14.74 Jupiters,5.013,2009
14 Andromedae b,246,4.8 Jupiters,5.23133,2008
14 Herculis b,58,4.66 Jupiters,6.61935,2002
16 Cygni B b,69,1.78 Jupiters,6.215,1996
17 Scorpii b,408,4.32 Jupiters,5.22606,2020
18 Delphini b,249,10.3 Jupiters,5.51048,2008
1RXS J160929.1-210524 b,454,8 Jupiters,12.618,2008
24 Bootis b,313,0.91 Jupiters,5.59,2018
24 Sextantis b,235,1.99 Jupiters,6.4535,2010
11 Comae Berenices b,304,19.4 Jupiters,4.72307,2007
11 Ursae Minoris b,409,14.74 Jupiters,5.013,2009
14 Andromedae b,246,4.8 Jupiters,5.23133,2008
14 Herculis b,58,4.66 Jupiters,6.61935,2002
16 Cygni B b,69,1.78 Jupiters,6.215,1996
17 Scorpii b,408,4.32 Jupiters,5.22606,2020
18 Delphini b,249,10.3 Jupiters,5.51048,2008
1RXS J160929.1-210524 b,454,8 Jupiters,12.618,2008
24 Bootis b,313,0.91 Jupiters,5.59,2018
24 Sextantis b,235,1.99 Jupiters,6.4535,2010
11 Comae Berenices b,304,19.4 Jupiters,4.72307,2007
11 Ursae Minoris b,409,14.74 Jupiters,5.013,2009
14 Andromedae b,246,4.8 Jupiters,5.23133,2008
14 Herculis b,58,4.66 Jupiters,6.61935,2002
16 Cygni B b,69,1.78 Jupiters,6.215,1996
17 Scorpii b,408,4.32 Jupiters,5.22606,2020
18 Delphini b,249,10.3 Jupiters,5.51048,2008
1RXS J160929.1-210524 b,454,8 Jupiters,12.618,2008
24 Bootis b,313,0.91 Jupiters,5.59,2018
24 Sextantis b,235,1.99 Jupiters,6.4535,2010
11 Comae Berenices b,304,19.4 Jupiters,4.72307,2007
11 Ursae Minoris b,409,14.74 Jupiters,5.013,2009
14 Andromedae b,246,4.8 Jupiters,5.23133,2008
14 Herculis b,58,4.66 Jupiters,6.61935,2002
16 Cygni B b,69,1.78 Jupiters,6.215,1996
17 Scorpii b,408,4.32 Jupiters,5.22606,2020
18 Delphini b,249,10.3 Jupiters,5.51048,2008
1RXS J160929.1-210524 b,454,8 Jupiters,12.618,2008
24 Bootis b,313,0.91 Jupiters,5.59,2018
24 Sextantis b,235,1.99 Jupiters,6.4535,2010
11 Comae Berenices b,304,19.4 Jupiters,4.72307,2007
11 Ursae Minoris b,409,14.74 Jupiters,5.013,2009
14 Andromedae b,246,4.8 Jupiters,5.23133,2008
14 Herculis b,58,4.66 Jupiters,6.61935,2002
16 Cygni B b,69,1.78 Jupiters,6.215,1996
17 Scorpii b,408,4.32 Jupiters,5.22606,2020
18 Delphini b,249,10.3 Jupiters,5.51048,2008
1RXS J160929.1-210524 b,454,8 Jupiters,12.618,2008
24 Bootis b,313,0.91 Jupiters,5.59,2018
24 Sextantis b,235,1.99 Jupiters,6.4535,2010
11 Comae Berenices b,304,19.4 Jupiters,4.72307,2007
11 Ursae Minoris b,409,14.74 Jupiters,5.013,2009
14 Andromedae b,246,4.8 Jupiters,5.23133,2008
14 Herculis b,58,4.66 Jupiters,6.61935,2002
16 Cygni B b,69,1.78 Jupiters,6.215,1996
17 Scorpii b,408,4.32 Jupiters,5.22606,2020
18 Delphini b,249,10.3 Jupiters,5.51048,2008
1RXS J160929.1-210524 b,454,8 Jupiters,12.618,2008
24 Bootis b,313,0.91 Jupiters,5.59,2018
24 Sextantis b,235,1.99 Jupiters,6.4535,2010
11 Comae Berenices b,304,19.4 Jupiters,4.72307,2007
11 Ursae Minoris b,409,14.74 Jupiters,5.013,2009
14 Andromedae b,246,4.8 Jupiters,5.23133,2008
14 Herculis b,58,4.66 Jupiters,6.61935,2002
16 Cygni B b,69,1.78 Jupiters,6.215,1996
17 Scorpii b,408,4.32 Jupiters,5.22606,2020
18 Delphini b,249,10.3 Jupiters,5.51048,2008
1RXS J160929.1-210524 b,454,8 Jupiters,12.618,2008
24 Bootis b,313,0.91 Jupiters,5.59,2018
24 Sextantis b,235,1.99 Jupiters,6.4535,2010
11 Comae Berenices b,304,19.4 Jupiters,4.72307,2007
11 Ursae Minoris b,409,14.74 Jupiters,5.013,2009
14 Andromedae b,246,4.8 Jupiters,5.23133,2008
14 Herculis b,58,4.66 Jupiters,6.61935,2002
16 Cygni B b,69,1.78 Jupiters,6.215,1996
17 Scorpii b,408,4.32 Jupiters,5.22606,2020
18 Delphini b,249,10.3 Jupiters,5.51048,2008
1RXS J160929.1-210524 b,454,8 Jupiters,12.618,2008
24 Bootis b,313,0.91 Jupiters,5.59,2018
24 Sextantis b,235,1.99 Jupiters,6.4535,2010
11 Comae Berenices b,304,19.4 Jupiters,4.72307,2007
11 Ursae Minoris b,409,14.74 Jupiters,5.013,2009
14 Andromedae b,246,4.8 Jupiters,5.23133,2008
14 Herculis b,58,4.66 Jupiters,6.61935,2002
16 Cygni B b,69,1.78 Jupiters,6.215,1996
17 Scorpii b,408,4.32 Jupiters,5.22606,2020
18 Delphini b,249,10.3 Jupiters,5.51048,2008
1RXS J160929.1-210524 b,454,8 Jupiters,12.618,2008
24 Bootis b,313,0.91 Jupiters,5.59,2018
24 Sextantis b,235,1.99 Jupiters,6.4535,2010
11 Comae Berenices b,304,19.4 Jupiters,4.72307,2007
11 Ursae Minoris b,409,14.74 Jupiters,5.013,2009
14 Andromedae b,246,4.8 Jupiters,5.23133,2008
14 Herculis b,58,4.66 Jupiters,6.61935,2002
16 Cygni B b,69,1.78 Jupiters,6.215,1996
17 Scorpii b,408,4.32 Jupiters,5.22606,2020
18 Delphini b,249,10.3 Jupiters,5.51048,2008
1RXS J160929.1-210524 b,454,8 Jupiters,12.618,2008
24 Bootis b,313,0.91 Jupiters,5.59,2018
24 Sextantis b,235,1.99 Jupiters,6.4535,2010
24 Sextantis c,235,0.86 Jupiters,6.4535,2010
2M0437 b,419,4 Jupiters,16.186,2021
2MASS J01033563-5515561 AB b,154,13 Jupiters,15.788,2013
2MASS J01225093-2439505 b,110,24.5 Jupiters,14.244,2013
2MASS J02192210-3925225 b,131,13.9 Jupiters,15.0123,2015
2MASS J04414489+2301513 b,393,7.5 Jupiters,18.9668,2010
2MASS J12073346-3932539 b,210,5 Jupiters,20.15,2004
2MASS J19383260+4603591 b,1293,1.9 Jupiters,12.651,2015
2MASS J21402931+1625183 A b,108,20.95 Jupiters,17.3961,2009
2MASS J22362452+4751425 b,227,12.5 Jupiters,12.368,2016
24 Sextantis c,235,0.86 Jupiters,6.4535,2010
2M0437 b,419,4 Jupiters,16.186,2021
2MASS J01033563-5515561 AB b,154,13 Jupiters,15.788,2013
2MASS J01225093-2439505 b,110,24.5 Jupiters,14.244,2013
2MASS J02192210-3925225 b,131,13.9 Jupiters,15.0123,2015
2MASS J04414489+2301513 b,393,7.5 Jupiters,18.9668,2010
2MASS J12073346-3932539 b,210,5 Jupiters,20.15,2004
2MASS J19383260+4603591 b,1293,1.9 Jupiters,12.651,2015
2MASS J21402931+1625183 A b,108,20.95 Jupiters,17.3961,2009
2MASS J22362452+4751425 b,227,12.5 Jupiters,12.368,2016
24 Sextantis c,235,0.86 Jupiters,6.4535,2010
2M0437 b,419,4 Jupiters,16.186,2021
2MASS J01033563-5515561 AB b,154,13 Jupiters,15.788,2013
2MASS J01225093-2439505 b,110,24.5 Jupiters,14.244,2013
2MASS J02192210-3925225 b,131,13.9 Jupiters,15.0123,2015
2MASS J04414489+2301513 b,393,7.5 Jupiters,18.9668,2010
2MASS J12073346-3932539 b,210,5 Jupiters,20.15,2004
2MASS J19383260+4603591 b,1293,1.9 Jupiters,12.651,2015
2MASS J21402931+1625183 A b,108,20.95 Jupiters,17.3961,2009
2MASS J22362452+4751425 b,227,12.5 Jupiters,12.368,2016
24 Sextantis c,235,0.86 Jupiters,6.4535,2010
2M0437 b,419,4 Jupiters,16.186,2021
2MASS J01033563-5515561 AB b,154,13 Jupiters,15.788,2013
2MASS J01225093-2439505 b,110,24.5 Jupiters,14.244,2013
2MASS J02192210-3925225 b,131,13.9 Jupiters,15.0123,2015
2MASS J04414489+2301513 b,393,7.5 Jupiters,18.9668,2010
2MASS J12073346-3932539 b,210,5 Jupiters,20.15,2004
2MASS J19383260+4603591 b,1293,1.9 Jupiters,12.651,2015
2MASS J21402931+1625183 A b,108,20.95 Jupiters,17.3961,2009
2MASS J22362452+4751425 b,227,12.5 Jupiters,12.368,2016
24 Sextantis c,235,0.86 Jupiters,6.4535,2010
2M0437 b,419,4 Jupiters,16.186,2021
2MASS J01033563-5515561 AB b,154,13 Jupiters,15.788,2013
2MASS J01225093-2439505 b,110,24.5 Jupiters,14.244,2013
2MASS J02192210-3925225 b,131,13.9 Jupiters,15.0123,2015
2MASS J04414489+2301513 b,393,7.5 Jupiters,18.9668,2010
2MASS J12073346-3932539 b,210,5 Jupiters,20.15,2004
2MASS J19383260+4603591 b,1293,1.9 Jupiters,12.651,2015
2MASS J21402931+1625183 A b,108,20.95 Jupiters,17.3961,2009
2MASS J22362452+4751425 b,227,12.5 Jupiters,12.368,2016
24 Sextantis c,235,0.86 Jupiters,6.4535,2010
2M0437 b,419,4 Jupiters,16.186,2021
2MASS J01033563-5515561 AB b,154,13 Jupiters,15.788,2013
2MASS J01225093-2439505 b,110,24.5 Jupiters,14.244,2013
2MASS J02192210-3925225 b,131,13.9 Jupiters,15.0123,2015
2MASS J04414489+2301513 b,393,7.5 Jupiters,18.9668,2010
2MASS J12073346-3932539 b,210,5 Jupiters,20.15,2004
2MASS J19383260+4603591 b,1293,1.9 Jupiters,12.651,2015
2MASS J21402931+1625183 A b,108,20.95 Jupiters,17.3961,2009
2MASS J22362452+4751425 b,227,12.5 Jupiters,12.368,2016
24 Sextantis c,235,0.86 Jupiters,6.4535,2010
2M0437 b,419,4 Jupiters,16.186,2021
2MASS J01033563-5515561 AB b,154,13 Jupiters,15.788,2013
2MASS J01225093-2439505 b,110,24.5 Jupiters,14.244,2013
2MASS J02192210-3925225 b,131,13.9 Jupiters,15.0123,2015
2MASS J04414489+2301513 b,393,7.5 Jupiters,18.9668,2010
2MASS J12073346-3932539 b,210,5 Jupiters,20.15,2004
2MASS J19383260+4603591 b,1293,1.9 Jupiters,12.651,2015
2MASS J21402931+1625183 A b,108,20.95 Jupiters,17.3961,2009
2MASS J22362452+4751425 b,227,12.5 Jupiters,12.368,2016
24 Sextantis c,235,0.86 Jupiters,6.4535,2010
2M0437 b,419,4 Jupiters,16.186,2021
2MASS J01033563-5515561 AB b,154,13 Jupiters,15.788,2013
2MASS J01225093-2439505 b,110,24.5 Jupiters,14.244,2013
2MASS J02192210-3925225 b,131,13.9 Jupiters,15.0123,2015
2MASS J04414489+2301513 b,393,7.5 Jupiters,18.9668,2010
2MASS J12073346-3932539 b,210,5 Jupiters,20.15,2004
2MASS J19383260+4603591 b,1293,1.9 Jupiters,12.651,2015
2MASS J21402931+1625183 A b,108,20.95 Jupiters,17.3961,2009
2MASS J22362452+4751425 b,227,12.5 Jupiters,12.368,2016
BD+48 740 b,2174,1.7 Jupiters,8.69,2018
BD+49 828 b,1442,1.6 Jupiters,9.381,2015
BD+55 362 b,171,0.72 Jupiters,9.38,2021
BD+60 1417 b,147,15 Jupiters,9.374,2021
BD+63 1405 b,124,3.96 Jupiters,8.96,2021
Beta Cancri b,290,7.8 Jupiters,3.51012,2014
Beta Pictoris b,64,11 Jupiters,3.85,2008
Beta Pictoris c,64,9 Jupiters,3.85,2019
Beta Ursae Minoris b,126,6.1 Jupiters,2.0569,2014
CD Ceti b,28,3.95 Earths,13.95,2020
BD-00 4475 b,139,25.05 Jupiters,9.01,2021
BD+03 2562 b,3492,6.4 Jupiters,9.577,2017
BD-06 1339 b,66,8.5 Earths,9.7,2013
BD-06 1339 c,66,0.17 Jupiters,9.7,2013
BD-08 2823 b,135,12.7132 Earths,9.86,2009
BD-08 2823 c,135,0.33 Jupiters,9.86,2009
BD-10 3166 b,275,0.59 Jupiters,10.013,2000
BD-11 4672 b,89,0.65 Jupiters,10.03,2014
BD-11 4672 c,89,15.37 Earths,10.03,2020
BD-13 2130 b,3018,9.78 Jupiters,10.038,2007
BD+48 740 b,2174,1.7 Jupiters,8.69,2018
BD+49 828 b,1442,1.6 Jupiters,9.381,2015
BD+55 362 b,171,0.72 Jupiters,9.38,2021
BD+60 1417 b,147,15 Jupiters,9.374,2021
BD+63 1405 b,124,3.96 Jupiters,8.96,2021
Beta Cancri b,290,7.8 Jupiters,3.51012,2014
Beta Pictoris b,64,11 Jupiters,3.85,2008
Beta Pictoris c,64,9 Jupiters,3.85,2019
Beta Ursae Minoris b,126,6.1 Jupiters,2.0569,2014
CD Ceti b,28,3.95 Earths,13.95,2020
BD+48 740 b,2174,1.7 Jupiters,8.69,2018
BD+49 828 b,1442,1.6 Jupiters,9.381,2015
BD+55 362 b,171,0.72 Jupiters,9.38,2021
BD+60 1417 b,147,15 Jupiters,9.374,2021
BD+63 1405 b,124,3.96 Jupiters,8.96,2021
Beta Cancri b,290,7.8 Jupiters,3.51012,2014
Beta Pictoris b,64,11 Jupiters,3.85,2008
Beta Pictoris c,64,9 Jupiters,3.85,2019
Beta Ursae Minoris b,126,6.1 Jupiters,2.0569,2014
CD Ceti b,28,3.95 Earths,13.95,2020
DE Canun Venaticorum b,100,12.0293 Jupiters,12.956,2018
DENIS-P J082303.1-491201 b,68,28.5 Jupiters,18.5577,2013
DH Tauri b,440,11 Jupiters,13.98,2004
DMPP-1 b,204,24.27 Earths,7.98,2019
DMPP-1 c,204,9.6 Earths,7.98,2019
DMPP-1 d,204,3.35 Earths,7.98,2019
DMPP-1 e,204,4.13 Earths,7.98,2019
DMPP-2 b,450,0.437 Jupiters,8.57,2019
DMPP-3 A b,148,2.58 Earths,9.066,2019
DP Leonis b,997,6.28 Jupiters,18.6837,2009
CFBDSIR J145829+101343 b,75,10.5 Jupiters,,2011
CFHTWIR-Oph 98 b,,7.8 Jupiters,,2021
CHXR 73 b,621,12.569 Jupiters,17.2934,2006
CI Tauri b,515,11.6 Jupiters,13.642,2019
COCONUTS-2 b,36,6.3 Jupiters,11.298,2021
CoRoT-10 b,1104,2.75 Jupiters,15.293,2010
CoRoT-11 b,2137,2.33 Jupiters,12.897,2010
CoRoT-12 b,3674,0.917 Jupiters,15.588,2010
CoRoT-13 b,3748,1.308 Jupiters,15.005,2010
CoRoT-14 b,5691,7.6 Jupiters,15.932,2010
CoRoT-3 b,2508,21.66 Jupiters,13.448,2008
CoRoT-4 b,2370,0.72 Jupiters,13.652,2008
CoRoT-5 b,2879,0.467 Jupiters,14.043,2009
CoRoT-6 b,2105,2.96 Jupiters,13.961,2009
CoRoT-7 b,522,4.07661 Earths,11.728,2009
CoRoT-7 c,522,8.4 Earths,11.728,2009
CoRoT-8 b,1050,0.22 Jupiters,14.792,2010
CoRoT-9 b,1347,0.84 Jupiters,13.637,2009
CoRoTID 223977153 b,1881,0.15 Jupiters,13.626,2017
CT Chamaleontis b,622,17 Jupiters,12.335,2007
EPIC 201841433 b,1424,1.12 Earths,14.983,2019
EPIC 205950854 c,796,2.27 Earths,12.365,2019
EPIC 206024342 b,1207,3.53 Earths,13.096,2019
EPIC 206024342 c,1207,2.54 Earths,13.096,2021
EPIC 206024342 d,1207,7.27 Earths,13.096,2021
EPIC 206032309 b,526,1.01 Earths,17.89,2019
EPIC 206042996 b,1474,3.26 Earths,16.59,2019
EPIC 206042996 c,1474,1.87 Earths,16.59,2021
EPIC 206215704 b,358,0.666 Earths,17.83,2019
EPIC 206317286 b,1025,0.84 Earths,14.005,2019
EPIC 201841433 b,1424,1.12 Earths,14.983,2019
EPIC 205950854 c,796,2.27 Earths,12.365,2019
EPIC 206024342 b,1207,3.53 Earths,13.096,2019
EPIC 206024342 c,1207,2.54 Earths,13.096,2021
EPIC 206024342 d,1207,7.27 Earths,13.096,2021
EPIC 206032309 b,526,1.01 Earths,17.89,2019
EPIC 206042996 b,1474,3.26 Earths,16.59,2019
EPIC 206042996 c,1474,1.87 Earths,16.59,2021
EPIC 206215704 b,358,0.666 Earths,17.83,2019
EPIC 206317286 b,1025,0.84 Earths,14.005,2019
CoRoT-24 b,1930,5.7 Earths,15.383,2014
CoRoT-24 c,1930,28 Earths,15.383,2014
CoRoT-25 b,3600,0.27 Jupiters,14.79,2013
CoRoT-26 b,3409,0.52 Jupiters,15.861,2013
CoRoT-27 b,3296,10.39 Jupiters,15.774,2014
CoRoT-28 b,2499,0.484 Jupiters,13.783,2015
CoRoT-29 b,2631,0.85 Jupiters,15.408,2015
CoRoT-2 b,696,3.47 Jupiters,12.516,2008
CoRoT-30 b,3367,2.9 Jupiters,15.571,2020
CoRoT-31 b,6543,0.84 Jupiters,15.479,2020
CoRoT-3 b,2508,21.66 Jupiters,13.448,2008
CoRoT-4 b,2370,0.72 Jupiters,13.652,2008
CoRoT-5 b,2879,0.467 Jupiters,14.043,2009
CoRoT-6 b,2105,2.96 Jupiters,13.961,2009
CoRoT-7 b,522,4.07661 Earths,11.728,2009
CoRoT-7 c,522,8.4 Earths,11.728,2009
CoRoT-8 b,1050,0.22 Jupiters,14.792,2010
CoRoT-9 b,1347,0.84 Jupiters,13.637,2009
CoRoTID 223977153 b,1881,0.15 Jupiters,13.626,2017
CT Chamaleontis b,622,17 Jupiters,12.335,2007
DE Canun Venaticorum b,100,12.0293 Jupiters,12.956,2018
DENIS-P J082303.1-491201 b,68,28.5 Jupiters,18.5577,2013
DH Tauri b,440,11 Jupiters,13.98,2004
DMPP-1 b,204,24.27 Earths,7.98,2019
DMPP-1 c,204,9.6 Earths,7.98,2019
DMPP-1 d,204,3.35 Earths,7.98,2019
DMPP-1 e,204,4.13 Earths,7.98,2019
DMPP-2 b,450,0.437 Jupiters,8.57,2019
DMPP-3 A b,148,2.58 Earths,9.066,2019
DP Leonis b,997,6.28 Jupiters,18.6837,2009
DS Tucanae A b,144,1.3 Jupiters,8.17,2019
EPIC 201170410.02,437,1.15 Earths,17.6984,2020
EPIC 201238110 b,520,4.16 Earths,16.014,2019
EPIC 201427007 b,2304,2.86 Earths,14.321,2021
EPIC 201497682 b,825,0.26 Earths,13.948,2019
EPIC 201595106 b,757,2.24 Earths,11.746,2021
EPIC 201615463 c,1556,1.98 Earths,12.081,2019
EPIC 201754305 d,1093,1.08 Earths,14.668,2019
EPIC 201757695.02,1884,0.688 Earths,14.974,2020
EPIC 201833600 c,840,0.972 Earths,14.705,2019
EPIC 201841433 b,1424,1.12 Earths,14.983,2019
EPIC 205950854 c,796,2.27 Earths,12.365,2019
EPIC 206024342 b,1207,3.53 Earths,13.096,2019
EPIC 206024342 c,1207,2.54 Earths,13.096,2021
EPIC 206024342 d,1207,7.27 Earths,13.096,2021
EPIC 206032309 b,526,1.01 Earths,17.89,2019
EPIC 206042996 b,1474,3.26 Earths,16.59,2019
EPIC 206042996 c,1474,1.87 Earths,16.59,2021
EPIC 206215704 b,358,0.666 Earths,17.83,2019
EPIC 206317286 b,1025,0.84 Earths,14.005,2019
EPIC 201841433 b,1424,1.12 Earths,14.983,2019
EPIC 205950854 c,796,2.27 Earths,12.365,2019
EPIC 206024342 b,1207,3.53 Earths,13.096,2019
EPIC 206024342 c,1207,2.54 Earths,13.096,2021
EPIC 206024342 d,1207,7.27 Earths,13.096,2021
EPIC 206032309 b,526,1.01 Earths,17.89,2019
EPIC 206042996 b,1474,3.26 Earths,16.59,2019
EPIC 206042996 c,1474,1.87 Earths,16.59,2021
EPIC 206215704 b,358,0.666 Earths,17.83,2019
EPIC 206317286 b,1025,0.84 Earths,14.005,2019
EPIC 201841433 b,1424,1.12 Earths,14.983,2019
EPIC 205950854 c,796,2.27 Earths,12.365,2019
EPIC 206024342 b,1207,3.53 Earths,13.096,2019
EPIC 206024342 c,1207,2.54 Earths,13.096,2021
EPIC 206024342 d,1207,7.27 Earths,13.096,2021
EPIC 206032309 b,526,1.01 Earths,17.89,2019
EPIC 206042996 b,1474,3.26 Earths,16.59,2019
EPIC 206042996 c,1474,1.87 Earths,16.59,2021
EPIC 206215704 b,358,0.666 Earths,17.83,2019
EPIC 206317286 b,1025,0.84 Earths,14.005,2019
EPIC 201841433 b,1424,1.12 Earths,14.983,2019
EPIC 205950854 c,796,2.27 Earths,12.365,2019
EPIC 206024342 b,1207,3.53 Earths,13.096,2019
EPIC 206024342 c,1207,2.54 Earths,13.096,2021
EPIC 206024342 d,1207,7.27 Earths,13.096,2021
EPIC 206032309 b,526,1.01 Earths,17.89,2019
EPIC 206042996 b,1474,3.26 Earths,16.59,2019
EPIC 206042996 c,1474,1.87 Earths,16.59,2021
EPIC 206215704 b,358,0.666 Earths,17.83,2019
EPIC 206317286 b,1025,0.84 Earths,14.005,2019
EPIC 201841433 b,1424,1.12 Earths,14.983,2019
EPIC 205950854 c,796,2.27 Earths,12.365,2019
EPIC 206024342 b,1207,3.53 Earths,13.096,2019
EPIC 206024342 c,1207,2.54 Earths,13.096,2021
EPIC 206024342 d,1207,7.27 Earths,13.096,2021
EPIC 206032309 b,526,1.01 Earths,17.89,2019
EPIC 206042996 b,1474,3.26 Earths,16.59,2019
EPIC 206042996 c,1474,1.87 Earths,16.59,2021
EPIC 206215704 b,358,0.666 Earths,17.83,2019
EPIC 206317286 b,1025,0.84 Earths,14.005,2019
EPIC 201841433 b,1424,1.12 Earths,14.983,2019
EPIC 205950854 c,796,2.27 Earths,12.365,2019
EPIC 206024342 b,1207,3.53 Earths,13.096,2019
EPIC 206024342 c,1207,2.54 Earths,13.096,2021
EPIC 206024342 d,1207,7.27 Earths,13.096,2021
EPIC 206032309 b,526,1.01 Earths,17.89,2019
EPIC 206042996 b,1474,3.26 Earths,16.59,2019
EPIC 206042996 c,1474,1.87 Earths,16.59,2021
EPIC 206215704 b,358,0.666 Earths,17.83,2019
EPIC 206317286 b,1025,0.84 Earths,14.005,2019
EPIC 201841433 b,1424,1.12 Earths,14.983,2019
EPIC 205950854 c,796,2.27 Earths,12.365,2019
EPIC 206024342 b,1207,3.53 Earths,13.096,2019
EPIC 206024342 c,1207,2.54 Earths,13.096,2021
EPIC 206024342 d,1207,7.27 Earths,13.096,2021
EPIC 206032309 b,526,1.01 Earths,17.89,2019
EPIC 206042996 b,1474,3.26 Earths,16.59,2019
EPIC 206042996 c,1474,1.87 Earths,16.59,2021
EPIC 206215704 b,358,0.666 Earths,17.83,2019
EPIC 206317286 b,1025,0.84 Earths,14.005,2019
EPIC 201841433 b,1424,1.12 Earths,14.983,2019
EPIC 205950854 c,796,2.27 Earths,12.365,2019
EPIC 206024342 b,1207,3.53 Earths,13.096,2019
EPIC 206024342 c,1207,2.54 Earths,13.096,2021
EPIC 206024342 d,1207,7.27 Earths,13.096,2021
EPIC 206032309 b,526,1.01 Earths,17.89,2019
EPIC 206042996 b,1474,3.26 Earths,16.59,2019
EPIC 206042996 c,1474,1.87 Earths,16.59,2021
EPIC 206215704 b,358,0.666 Earths,17.83,2019
EPIC 206317286 b,1025,0.84 Earths,14.005,2019
EPIC 201841433 b,1424,1.12 Earths,14.983,2019
EPIC 205950854 c,796,2.27 Earths,12.365,2019
EPIC 206024342 b,1207,3.53 Earths,13.096,2019
EPIC 206024342 c,1207,2.54 Earths,13.096,2021
EPIC 206024342 d,1207,7.27 Earths,13.096,2021
EPIC 206032309 b,526,1.01 Earths,17.89,2019
EPIC 206042996 b,1474,3.26 Earths,16.59,2019
EPIC 206042996 c,1474,1.87 Earths,16.59,2021
EPIC 206215704 b,358,0.666 Earths,17.83,2019
EPIC 206317286 b,1025,0.84 Earths,14.005,2019
EPIC 201841433 b,1424,1.12 Earths,14.983,2019
EPIC 205950854 c,796,2.27 Earths,12.365,2019
EPIC 206024342 b,1207,3.53 Earths,13.096,2019
EPIC 206024342 c,1207,2.54 Earths,13.096,2021
EPIC 206024342 d,1207,7.27 Earths,13.096,2021
EPIC 206032309 b,526,1.01 Earths,17.89,2019
EPIC 206042996 b,1474,3.26 Earths,16.59,2019
EPIC 206042996 c,1474,1.87 Earths,16.59,2021
EPIC 206215704 b,358,0.666 Earths,17.83,2019
EPIC 206317286 b,1025,0.84 Earths,14.005,2019
EPIC 211822797 b,607,4.35 Earths,15.133,2016
EPIC 211945201 b,593,27 Earths,10.154,2018
EPIC 212297394 b,1365,2.79 Earths,14.611,2019
EPIC 212297394 c,1365,5.77 Earths,14.611,2016
EPIC 212424622 b,1996,5.35 Earths,13.441,2019
EPIC 212499991 b,924,3.19 Earths,13.672,2019
EPIC 212587672 b,1044,2.13 Earths,12.488,2019
EPIC 212587672 c,1044,5.99 Earths,12.488,2016
EPIC 212624936 b,1833,1.87 Earths,13.976,2021
EPIC 212624936 c,1833,5.9 Earths,13.976,2021
EPIC 211822797 b,607,4.35 Earths,15.133,2016
EPIC 211945201 b,593,27 Earths,10.154,2018
EPIC 212297394 b,1365,2.79 Earths,14.611,2019
EPIC 212297394 c,1365,5.77 Earths,14.611,2016
EPIC 212424622 b,1996,5.35 Earths,13.441,2019
EPIC 212499991 b,924,3.19 Earths,13.672,2019
EPIC 212587672 b,1044,2.13 Earths,12.488,2019
EPIC 212587672 c,1044,5.99 Earths,12.488,2016
EPIC 212624936 b,1833,1.87 Earths,13.976,2021
EPIC 212624936 c,1833,5.9 Earths,13.976,2021
EPIC 211822797 b,607,4.35 Earths,15.133,2016
EPIC 211945201 b,593,27 Earths,10.154,2018
EPIC 212297394 b,1365,2.79 Earths,14.611,2019
EPIC 212297394 c,1365,5.77 Earths,14.611,2016
EPIC 212424622 b,1996,5.35 Earths,13.441,2019
EPIC 212499991 b,924,3.19 Earths,13.672,2019
EPIC 212587672 b,1044,2.13 Earths,12.488,2019
EPIC 212587672 c,1044,5.99 Earths,12.488,2016
EPIC 212624936 b,1833,1.87 Earths,13.976,2021
EPIC 212624936 c,1833,5.9 Earths,13.976,2021
EPIC 211822797 b,607,4.35 Earths,15.133,2016
EPIC 211945201 b,593,27 Earths,10.154,2018
EPIC 212297394 b,1365,2.79 Earths,14.611,2019
EPIC 212297394 c,1365,5.77 Earths,14.611,2016
EPIC 212424622 b,1996,5.35 Earths,13.441,2019
EPIC 212499991 b,924,3.19 Earths,13.672,2019
EPIC 212587672 b,1044,2.13 Earths,12.488,2019
EPIC 212587672 c,1044,5.99 Earths,12.488,2016
EPIC 212624936 b,1833,1.87 Earths,13.976,2021
EPIC 212624936 c,1833,5.9 Earths,13.976,2021
EPIC 211822797 b,607,4.35 Earths,15.133,2016
EPIC 211945201 b,593,27 Earths,10.154,2018
EPIC 212297394 b,1365,2.79 Earths,14.611,2019
EPIC 212297394 c,1365,5.77 Earths,14.611,2016
EPIC 212424622 b,1996,5.35 Earths,13.441,2019
EPIC 212499991 b,924,3.19 Earths,13.672,2019
EPIC 212587672 b,1044,2.13 Earths,12.488,2019
EPIC 212587672 c,1044,5.99 Earths,12.488,2016
EPIC 212624936 b,1833,1.87 Earths,13.976,2021
EPIC 212624936 c,1833,5.9 Earths,13.976,2021
EPIC 211822797 b,607,4.35 Earths,15.133,2016
EPIC 211945201 b,593,27 Earths,10.154,2018
EPIC 212297394 b,1365,2.79 Earths,14.611,2019
EPIC 212297394 c,1365,5.77 Earths,14.611,2016
EPIC 212424622 b,1996,5.35 Earths,13.441,2019
EPIC 212499991 b,924,3.19 Earths,13.672,2019
EPIC 212587672 b,1044,2.13 Earths,12.488,2019
EPIC 212587672 c,1044,5.99 Earths,12.488,2016
EPIC 212624936 b,1833,1.87 Earths,13.976,2021
EPIC 212624936 c,1833,5.9 Earths,13.976,2021
EPIC 211822797 b,607,4.35 Earths,15.133,2016
EPIC 211945201 b,593,27 Earths,10.154,2018
EPIC 212297394 b,1365,2.79 Earths,14.611,2019
EPIC 212297394 c,1365,5.77 Earths,14.611,2016
EPIC 212424622 b,1996,5.35 Earths,13.441,2019
EPIC 212499991 b,924,3.19 Earths,13.672,2019
EPIC 212587672 b,1044,2.13 Earths,12.488,2019
EPIC 212587672 c,1044,5.99 Earths,12.488,2016
EPIC 212624936 b,1833,1.87 Earths,13.976,2021
EPIC 212624936 c,1833,5.9 Earths,13.976,2021
EPIC 211822797 b,607,4.35 Earths,15.133,2016
EPIC 211945201 b,593,27 Earths,10.154,2018
EPIC 212297394 b,1365,2.79 Earths,14.611,2019
EPIC 212297394 c,1365,5.77 Earths,14.611,2016
EPIC 212424622 b,1996,5.35 Earths,13.441,2019
EPIC 212499991 b,924,3.19 Earths,13.672,2019
EPIC 212587672 b,1044,2.13 Earths,12.488,2019
EPIC 212587672 c,1044,5.99 Earths,12.488,2016
EPIC 212624936 b,1833,1.87 Earths,13.976,2021
EPIC 212624936 c,1833,5.9 Earths,13.976,2021
EPIC 211822797 b,607,4.35 Earths,15.133,2016
EPIC 211945201 b,593,27 Earths,10.154,2018
EPIC 212297394 b,1365,2.79 Earths,14.611,2019
EPIC 212297394 c,1365,5.77 Earths,14.611,2016
EPIC 212424622 b,1996,5.35 Earths,13.441,2019
EPIC 212499991 b,924,3.19 Earths,13.672,2019
EPIC 212587672 b,1044,2.13 Earths,12.488,2019
EPIC 212587672 c,1044,5.99 Earths,12.488,2016
EPIC 212624936 b,1833,1.87 Earths,13.976,2021
EPIC 212624936 c,1833,5.9 Earths,13.976,2021
EPIC 211822797 b,607,4.35 Earths,15.133,2016
EPIC 211945201 b,593,27 Earths,10.154,2018
EPIC 212297394 b,1365,2.79 Earths,14.611,2019
EPIC 212297394 c,1365,5.77 Earths,14.611,2016
EPIC 212424622 b,1996,5.35 Earths,13.441,2019
EPIC 212499991 b,924,3.19 Earths,13.672,2019
EPIC 212587672 b,1044,2.13 Earths,12.488,2019
EPIC 212587672 c,1044,5.99 Earths,12.488,2016
EPIC 212624936 b,1833,1.87 Earths,13.976,2021
EPIC 212624936 c,1833,5.9 Earths,13.976,2021
EPIC 211822797 b,607,4.35 Earths,15.133,2016
EPIC 211945201 b,593,27 Earths,10.154,2018
EPIC 212297394 b,1365,2.79 Earths,14.611,2019
EPIC 212297394 c,1365,5.77 Earths,14.611,2016
EPIC 212424622 b,1996,5.35 Earths,13.441,2019
EPIC 212499991 b,924,3.19 Earths,13.672,2019
EPIC 212587672 b,1044,2.13 Earths,12.488,2019
EPIC 212587672 c,1044,5.99 Earths,12.488,2016
EPIC 212624936 b,1833,1.87 Earths,13.976,2021
EPIC 212624936 c,1833,5.9 Earths,13.976,2021
EPIC 211822797 b,607,4.35 Earths,15.133,2016
EPIC 211945201 b,593,27 Earths,10.154,2018
EPIC 212297394 b,1365,2.79 Earths,14.611,2019
EPIC 212297394 c,1365,5.77 Earths,14.611,2016
EPIC 212424622 b,1996,5.35 Earths,13.441,2019
EPIC 212499991 b,924,3.19 Earths,13.672,2019
EPIC 212587672 b,1044,2.13 Earths,12.488,2019
EPIC 212587672 c,1044,5.99 Earths,12.488,2016
EPIC 212624936 b,1833,1.87 Earths,13.976,2021
EPIC 212624936 c,1833,5.9 Earths,13.976,2021
EPIC 211822797 b,607,4.35 Earths,15.133,2016
EPIC 211945201 b,593,27 Earths,10.154,2018
EPIC 212297394 b,1365,2.79 Earths,14.611,2019
EPIC 212297394 c,1365,5.77 Earths,14.611,2016
EPIC 212424622 b,1996,5.35 Earths,13.441,2019
EPIC 212499991 b,924,3.19 Earths,13.672,2019
EPIC 212587672 b,1044,2.13 Earths,12.488,2019
EPIC 212587672 c,1044,5.99 Earths,12.488,2016
EPIC 212624936 b,1833,1.87 Earths,13.976,2021
EPIC 212624936 c,1833,5.9 Earths,13.976,2021
EPIC 212737443 b,1097,7.2 Earths,14.81,2019
EPIC 212737443 c,1097,7.7 Earths,14.81,2019
EPIC 220492298 b,2037,0.937 Earths,13.991,2021
EPIC 220554210 c,1619,2.79 Earths,14.21,2019
EPIC 220674823 b,798,7.72 Earths,12.101,2016
EPIC 220674823 c,798,5.8 Earths,12.101,2016
EPIC 228836835 b,490,1.37 Earths,16.77,2021
EPIC 246851721 b,1216,3 Jupiters,11.237,2018
EPIC 248847494 b,1800,13 Jupiters,12.353,2018
EPIC 249893012 b,1048,8.75 Earths,11.429,2020
EPIC 249893012 c,1048,14.67 Earths,11.429,2020
EPIC 249893012 d,1048,10.18 Earths,11.429,2020
Epsilon Coronae Borealis b,228,6.7 Jupiters,4.12577,2012
Epsilon Eridani b,10,0.78 Jupiters,3.71548,2000
Epsilon Indi A b,12,3.25 Jupiters,4.69,2019
Epsilon Tauri b,155,7.6 Jupiters,3.523,2006
FU Tauri b,435,16 Jupiters,15.2412,2008
G 264-012 b,52,2.5 Earths,13.078,2021
G 264-012 c,52,3.75 Earths,13.078,2021
G 9-40 b,91,4.76 Earths,13.821,2019
EPIC 249893012 c,1048,14.67 Earths,11.429,2020
EPIC 249893012 d,1048,10.18 Earths,11.429,2020
Epsilon Coronae Borealis b,228,6.7 Jupiters,4.12577,2012
Epsilon Eridani b,10,0.78 Jupiters,3.71548,2000
Epsilon Indi A b,12,3.25 Jupiters,4.69,2019
Epsilon Tauri b,155,7.6 Jupiters,3.523,2006
FU Tauri b,435,16 Jupiters,15.2412,2008
G 264-012 b,52,2.5 Earths,13.078,2021
G 264-012 c,52,3.75 Earths,13.078,2021
G 9-40 b,91,4.76 Earths,13.821,2019
EPIC 249893012 c,1048,14.67 Earths,11.429,2020
EPIC 249893012 d,1048,10.18 Earths,11.429,2020
Epsilon Coronae Borealis b,228,6.7 Jupiters,4.12577,2012
Epsilon Eridani b,10,0.78 Jupiters,3.71548,2000
Epsilon Indi A b,12,3.25 Jupiters,4.69,2019
Epsilon Tauri b,155,7.6 Jupiters,3.523,2006
FU Tauri b,435,16 Jupiters,15.2412,2008
G 264-012 b,52,2.5 Earths,13.078,2021
G 264-012 c,52,3.75 Earths,13.078,2021
G 9-40 b,91,4.76 Earths,13.821,2019
EPIC 249893012 c,1048,14.67 Earths,11.429,2020
EPIC 249893012 d,1048,10.18 Earths,11.429,2020
Epsilon Coronae Borealis b,228,6.7 Jupiters,4.12577,2012
Epsilon Eridani b,10,0.78 Jupiters,3.71548,2000
Epsilon Indi A b,12,3.25 Jupiters,4.69,2019
Epsilon Tauri b,155,7.6 Jupiters,3.523,2006
FU Tauri b,435,16 Jupiters,15.2412,2008
G 264-012 b,52,2.5 Earths,13.078,2021
G 264-012 c,52,3.75 Earths,13.078,2021
G 9-40 b,91,4.76 Earths,13.821,2019
GJ 163 b,49,10.6 Earths,11.79,2013
GJ 163 c,49,6.8 Earths,11.79,2013
GJ 163 d,49,29.4 Earths,11.79,2013
GJ 179 b,40,0.82 Jupiters,11.963,2009
GJ 180 b,39,6.49 Earths,10.914,2014
GJ 180 c,39,6.4 Earths,10.914,2014
GJ 180 d,39,7.56 Earths,10.914,2020
GJ 2056 b,93,16.2 Earths,10.37,2020
GJ 229 A c,19,7.268 Earths,8.15,2020
GJ 229 b,19,8.478 Earths,8.15,2014
GJ 163 b,49,10.6 Earths,11.79,2013
GJ 163 c,49,6.8 Earths,11.79,2013
GJ 163 d,49,29.4 Earths,11.79,2013
GJ 179 b,40,0.82 Jupiters,11.963,2009
GJ 180 b,39,6.49 Earths,10.914,2014
GJ 180 c,39,6.4 Earths,10.914,2014
GJ 180 d,39,7.56 Earths,10.914,2020
GJ 2056 b,93,16.2 Earths,10.37,2020
GJ 229 A c,19,7.268 Earths,8.15,2020
GJ 229 b,19,8.478 Earths,8.15,2014
GJ 317 c,50,1.64396 Jupiters,12.4,2018
GJ 328 b,67,2.3 Jupiters,9.99,2013
GJ 3293 b,66,23.54 Earths,11.945,2015
GJ 3293 c,66,21.09 Earths,11.945,2015
GJ 3293 d,66,7.6 Earths,11.945,2017
GJ 3293 e,66,3.28 Earths,11.945,2017
GJ 3323 b,18,2.02 Earths,12.57,2017
GJ 3323 c,18,2.31 Earths,12.57,2017
GJ 3341 b,77,6.6 Earths,12.062,2015
GJ 338 B b,21,10.27 Earths,7.7,2020
GJ 433 c,30,32.422 Earths,9.81,2014
GJ 433 d,30,5.223 Earths,9.81,2020
GJ 436 b,32,22.1 Earths,10.67,2004
GJ 480 b,46,13.2 Earths,11.49,2020
GJ 486 b,26,2.82 Earths,11.39,2021
GJ 504 b,57,4 Jupiters,5.18799,2013
GJ 536 b,34,5.36 Earths,9.71,2016
GJ 581 b,21,15.8 Earths,10.57,2005
GJ 581 c,21,5.5 Earths,10.57,2007
GJ 581 e,21,1.7 Earths,10.57,2009
GJ 625 b,21,2.82 Earths,10.066,2017
GJ 649 b,34,0.328 Jupiters,9.7,2009
GJ 667 C b,24,5.6 Earths,10.602,2011
GJ 667 C c,24,3.8 Earths,10.602,2011
GJ 667 C e,24,2.7 Earths,10.602,2013
GJ 667 C f,24,2.7 Earths,10.602,2013
GJ 667 C g,24,4.6 Earths,10.602,2013
GJ 674 b,15,11.09 Earths,9.38,2007
GJ 676 A b,52,6.7 Jupiters,9.58,2010
GJ 676 A c,52,6.8 Jupiters,9.58,2016
GJ 832 c,16,5.4 Earths,8.66,2014
GJ 849 b,29,0.9 Jupiters,10.41,2006
GJ 849 c,29,0.702 Jupiters,10.41,2014
GJ 86 b,35,4.42 Jupiters,6.12,1999
GJ 876 b,15,2.2756 Jupiters,10.16,1998
GJ 876 c,15,0.7142 Jupiters,10.16,2000
GJ 876 d,15,6.83 Earths,10.16,2005
GJ 876 e,15,14.6 Earths,10.16,2010
GJ 887 b,11,4.2 Earths,7.56,2020
GJ 887 c,11,7.6 Earths,7.56,2020
GJ 832 c,16,5.4 Earths,8.66,2014
GJ 849 b,29,0.9 Jupiters,10.41,2006
GJ 849 c,29,0.702 Jupiters,10.41,2014
GJ 86 b,35,4.42 Jupiters,6.12,1999
GJ 876 b,15,2.2756 Jupiters,10.16,1998
GJ 876 c,15,0.7142 Jupiters,10.16,2000
GJ 876 d,15,6.83 Earths,10.16,2005
GJ 876 e,15,14.6 Earths,10.16,2010
GJ 887 b,11,4.2 Earths,7.56,2020
GJ 887 c,11,7.6 Earths,7.56,2020
GJ 832 c,16,5.4 Earths,8.66,2014
GJ 849 b,29,0.9 Jupiters,10.41,2006
GJ 849 c,29,0.702 Jupiters,10.41,2014
GJ 86 b,35,4.42 Jupiters,6.12,1999
GJ 876 b,15,2.2756 Jupiters,10.16,1998
GJ 876 c,15,0.7142 Jupiters,10.16,2000
GJ 876 d,15,6.83 Earths,10.16,2005
GJ 876 e,15,14.6 Earths,10.16,2010
GJ 887 b,11,4.2 Earths,7.56,2020
GJ 887 c,11,7.6 Earths,7.56,2020
GJ 676 A d,52,4.4 Earths,9.58,2012
GJ 676 A e,52,8.1 Earths,9.58,2012
GJ 682 b,16,4.4 Earths,10.94,2014
GJ 682 c,16,8.7 Earths,10.94,2014
GJ 685 b,47,9 Earths,9.98,2019
GJ 687 b,15,17.2 Earths,9.15,2014
GJ 687 c,15,16 Earths,9.15,2020
GJ 720 A b,51,13.64 Earths,9.84,2021
GJ 740 b,36,2.96 Earths,9.22,2021
GJ 832 b,16,0.68 Jupiters,8.66,2008
GJ 832 c,16,5.4 Earths,8.66,2014
GJ 849 b,29,0.9 Jupiters,10.41,2006
GJ 849 c,29,0.702 Jupiters,10.41,2014
GJ 86 b,35,4.42 Jupiters,6.12,1999
GJ 876 b,15,2.2756 Jupiters,10.16,1998
GJ 876 c,15,0.7142 Jupiters,10.16,2000
GJ 876 d,15,6.83 Earths,10.16,2005
GJ 876 e,15,14.6 Earths,10.16,2010
GJ 887 b,11,4.2 Earths,7.56,2020
GJ 887 c,11,7.6 Earths,7.56,2020
GJ 832 c,16,5.4 Earths,8.66,2014
GJ 849 b,29,0.9 Jupiters,10.41,2006
GJ 849 c,29,0.702 Jupiters,10.41,2014
GJ 86 b,35,4.42 Jupiters,6.12,1999
GJ 876 b,15,2.2756 Jupiters,10.16,1998
GJ 876 c,15,0.7142 Jupiters,10.16,2000
GJ 876 d,15,6.83 Earths,10.16,2005
GJ 876 e,15,14.6 Earths,10.16,2010
GJ 887 b,11,4.2 Earths,7.56,2020
GJ 887 c,11,7.6 Earths,7.56,2020
GJ 832 c,16,5.4 Earths,8.66,2014
GJ 849 b,29,0.9 Jupiters,10.41,2006
GJ 849 c,29,0.702 Jupiters,10.41,2014
GJ 86 b,35,4.42 Jupiters,6.12,1999
GJ 876 b,15,2.2756 Jupiters,10.16,1998
GJ 876 c,15,0.7142 Jupiters,10.16,2000
GJ 876 d,15,6.83 Earths,10.16,2005
GJ 876 e,15,14.6 Earths,10.16,2010
GJ 887 b,11,4.2 Earths,7.56,2020
GJ 887 c,11,7.6 Earths,7.56,2020
GJ 832 c,16,5.4 Earths,8.66,2014
GJ 849 b,29,0.9 Jupiters,10.41,2006
GJ 849 c,29,0.702 Jupiters,10.41,2014
GJ 86 b,35,4.42 Jupiters,6.12,1999
GJ 876 b,15,2.2756 Jupiters,10.16,1998
GJ 876 c,15,0.7142 Jupiters,10.16,2000
GJ 876 d,15,6.83 Earths,10.16,2005
GJ 876 e,15,14.6 Earths,10.16,2010
GJ 887 b,11,4.2 Earths,7.56,2020
GJ 887 c,11,7.6 Earths,7.56,2020
GJ 832 c,16,5.4 Earths,8.66,2014
GJ 849 b,29,0.9 Jupiters,10.41,2006
GJ 849 c,29,0.702 Jupiters,10.41,2014
GJ 86 b,35,4.42 Jupiters,6.12,1999
GJ 876 b,15,2.2756 Jupiters,10.16,1998
GJ 876 c,15,0.7142 Jupiters,10.16,2000
GJ 876 d,15,6.83 Earths,10.16,2005
GJ 876 e,15,14.6 Earths,10.16,2010
GJ 887 b,11,4.2 Earths,7.56,2020
GJ 887 c,11,7.6 Earths,7.56,2020
GJ 832 c,16,5.4 Earths,8.66,2014
GJ 849 b,29,0.9 Jupiters,10.41,2006
GJ 849 c,29,0.702 Jupiters,10.41,2014
GJ 86 b,35,4.42 Jupiters,6.12,1999
GJ 876 b,15,2.2756 Jupiters,10.16,1998
GJ 876 c,15,0.7142 Jupiters,10.16,2000
GJ 876 d,15,6.83 Earths,10.16,2005
GJ 876 e,15,14.6 Earths,10.16,2010
GJ 887 b,11,4.2 Earths,7.56,2020
GJ 887 c,11,7.6 Earths,7.56,2020
GJ 832 c,16,5.4 Earths,8.66,2014
GJ 849 b,29,0.9 Jupiters,10.41,2006
GJ 849 c,29,0.702 Jupiters,10.41,2014
GJ 86 b,35,4.42 Jupiters,6.12,1999
GJ 876 b,15,2.2756 Jupiters,10.16,1998
GJ 876 c,15,0.7142 Jupiters,10.16,2000
GJ 876 d,15,6.83 Earths,10.16,2005
GJ 876 e,15,14.6 Earths,10.16,2010
GJ 887 b,11,4.2 Earths,7.56,2020
GJ 887 c,11,7.6 Earths,7.56,2020
GJ 9066 b,15,30.9 Earths,12.71,2020
GJ 9066 c,15,0.22528 Jupiters,12.71,2020
GJ 9689 b,100,9.65 Earths,11.297,2020
GJ 96 b,39,19.66 Earths,9.4,2018
GJ 9827 b,97,4.91 Earths,10.37,2017
GJ 9827 c,97,0.84 Earths,10.37,2017
GJ 9827 d,97,4.04 Earths,10.37,2017
Gl 378 b,49,13.02 Earths,10.03,2019
Gl 49 b,32,5.63 Earths,9.56,2019
Gl 686 b,27,6.624 Earths,9.62,2018
HAT-P-15 b,628,1.94 Jupiters,12.41,2010
HAT-P-16 b,739,4.193 Jupiters,10.911,2010
HAT-P-17 b,301,0.58 Jupiters,10.375,2010
HAT-P-17 c,301,3.4 Jupiters,10.375,2010
HAT-P-18 b,526,0.197 Jupiters,12.597,2010
HAT-P-19 b,659,0.292 Jupiters,12.826,2010
HAT-P-1 b,519,0.525 Jupiters,9.827,2006
HAT-P-20 b,232,7.246 Jupiters,11.231,2010
HAT-P-21 b,904,4.87 Jupiters,11.459,2010
HAT-P-22 b,267,2.47 Jupiters,9.763,2010
HAT-P-23 b,1190,1.34 Jupiters,11.937,2010
HAT-P-24 b,1355,0.75 Jupiters,11.762,2010
HAT-P-25 b,980,0.569 Jupiters,13.146,2010
HAT-P-26 b,463,22.2481 Earths,11.757,2010
HAT-P-27 b,650,0.62 Jupiters,12.052,2011
HAT-P-28 b,1309,0.626 Jupiters,13.098,2011
HAT-P-29 b,1023,0.88 Jupiters,11.825,2011
HAT-P-2 b,417,8.7 Jupiters,8.72,2007
HAT-P-30 b,698,0.83 Jupiters,10.352,2011
HAT-P-31 b,1122,2.27 Jupiters,11.667,2011
HAT-P-23 b,1190,1.34 Jupiters,11.937,2010
HAT-P-24 b,1355,0.75 Jupiters,11.762,2010
HAT-P-25 b,980,0.569 Jupiters,13.146,2010
HAT-P-26 b,463,22.2481 Earths,11.757,2010
HAT-P-27 b,650,0.62 Jupiters,12.052,2011
HAT-P-28 b,1309,0.626 Jupiters,13.098,2011
HAT-P-29 b,1023,0.88 Jupiters,11.825,2011
HAT-P-2 b,417,8.7 Jupiters,8.72,2007
HAT-P-30 b,698,0.83 Jupiters,10.352,2011
HAT-P-31 b,1122,2.27 Jupiters,11.667,2011
HAT-P-23 b,1190,1.34 Jupiters,11.937,2010
HAT-P-24 b,1355,0.75 Jupiters,11.762,2010
HAT-P-25 b,980,0.569 Jupiters,13.146,2010
HAT-P-26 b,463,22.2481 Earths,11.757,2010
HAT-P-27 b,650,0.62 Jupiters,12.052,2011
HAT-P-28 b,1309,0.626 Jupiters,13.098,2011
HAT-P-29 b,1023,0.88 Jupiters,11.825,2011
HAT-P-2 b,417,8.7 Jupiters,8.72,2007
HAT-P-30 b,698,0.83 Jupiters,10.352,2011
HAT-P-31 b,1122,2.27 Jupiters,11.667,2011
HAT-P-23 b,1190,1.34 Jupiters,11.937,2010
HAT-P-24 b,1355,0.75 Jupiters,11.762,2010
HAT-P-25 b,980,0.569 Jupiters,13.146,2010
HAT-P-26 b,463,22.2481 Earths,11.757,2010
HAT-P-27 b,650,0.62 Jupiters,12.052,2011
HAT-P-28 b,1309,0.626 Jupiters,13.098,2011
HAT-P-29 b,1023,0.88 Jupiters,11.825,2011
HAT-P-2 b,417,8.7 Jupiters,8.72,2007
HAT-P-30 b,698,0.83 Jupiters,10.352,2011
HAT-P-31 b,1122,2.27 Jupiters,11.667,2011
HAT-P-23 b,1190,1.34 Jupiters,11.937,2010
HAT-P-24 b,1355,0.75 Jupiters,11.762,2010
HAT-P-25 b,980,0.569 Jupiters,13.146,2010
HAT-P-26 b,463,22.2481 Earths,11.757,2010
HAT-P-27 b,650,0.62 Jupiters,12.052,2011
HAT-P-28 b,1309,0.626 Jupiters,13.098,2011
HAT-P-29 b,1023,0.88 Jupiters,11.825,2011
HAT-P-2 b,417,8.7 Jupiters,8.72,2007
HAT-P-30 b,698,0.83 Jupiters,10.352,2011
HAT-P-31 b,1122,2.27 Jupiters,11.667,2011
HAT-P-23 b,1190,1.34 Jupiters,11.937,2010
HAT-P-24 b,1355,0.75 Jupiters,11.762,2010
HAT-P-25 b,980,0.569 Jupiters,13.146,2010
HAT-P-26 b,463,22.2481 Earths,11.757,2010
HAT-P-27 b,650,0.62 Jupiters,12.052,2011
HAT-P-28 b,1309,0.626 Jupiters,13.098,2011
HAT-P-29 b,1023,0.88 Jupiters,11.825,2011
HAT-P-2 b,417,8.7 Jupiters,8.72,2007
HAT-P-30 b,698,0.83 Jupiters,10.352,2011
HAT-P-31 b,1122,2.27 Jupiters,11.667,2011
HAT-P-23 b,1190,1.34 Jupiters,11.937,2010
HAT-P-24 b,1355,0.75 Jupiters,11.762,2010
HAT-P-25 b,980,0.569 Jupiters,13.146,2010
HAT-P-26 b,463,22.2481 Earths,11.757,2010
HAT-P-27 b,650,0.62 Jupiters,12.052,2011
HAT-P-28 b,1309,0.626 Jupiters,13.098,2011
HAT-P-29 b,1023,0.88 Jupiters,11.825,2011
HAT-P-2 b,417,8.7 Jupiters,8.72,2007
HAT-P-30 b,698,0.83 Jupiters,10.352,2011
HAT-P-31 b,1122,2.27 Jupiters,11.667,2011
HAT-P-23 b,1190,1.34 Jupiters,11.937,2010
HAT-P-24 b,1355,0.75 Jupiters,11.762,2010
HAT-P-25 b,980,0.569 Jupiters,13.146,2010
HAT-P-26 b,463,22.2481 Earths,11.757,2010
HAT-P-27 b,650,0.62 Jupiters,12.052,2011
HAT-P-28 b,1309,0.626 Jupiters,13.098,2011
HAT-P-29 b,1023,0.88 Jupiters,11.825,2011
HAT-P-2 b,417,8.7 Jupiters,8.72,2007
HAT-P-30 b,698,0.83 Jupiters,10.352,2011
HAT-P-31 b,1122,2.27 Jupiters,11.667,2011
HAT-P-32 b,943,0.68 Jupiters,11.439,2011
HAT-P-33 b,1292,0.92 Jupiters,11.032,2011
HAT-P-34 b,813,3.33 Jupiters,10.403,2011
HAT-P-35 b,1654,1.056 Jupiters,12.389,2011
HAT-P-36 b,960,1.8482 Jupiters,12.146,2011
HAT-P-37 b,1274,1.169 Jupiters,13.427,2011
HAT-P-38 b,832,0.267 Jupiters,12.525,2012
HAT-P-39 b,2274,0.599 Jupiters,12.282,2012
HAT-P-3 b,439,0.65 Jupiters,11.856,2007
HAT-P-40 b,1515,0.48 Jupiters,11.34,2012
HAT-P-32 b,943,0.68 Jupiters,11.439,2011
HAT-P-33 b,1292,0.92 Jupiters,11.032,2011
HAT-P-34 b,813,3.33 Jupiters,10.403,2011
HAT-P-35 b,1654,1.056 Jupiters,12.389,2011
HAT-P-36 b,960,1.8482 Jupiters,12.146,2011
HAT-P-37 b,1274,1.169 Jupiters,13.427,2011
HAT-P-38 b,832,0.267 Jupiters,12.525,2012
HAT-P-39 b,2274,0.599 Jupiters,12.282,2012
HAT-P-3 b,439,0.65 Jupiters,11.856,2007
HAT-P-40 b,1515,0.48 Jupiters,11.34,2012
HAT-P-32 b,943,0.68 Jupiters,11.439,2011
HAT-P-33 b,1292,0.92 Jupiters,11.032,2011
HAT-P-34 b,813,3.33 Jupiters,10.403,2011
HAT-P-35 b,1654,1.056 Jupiters,12.389,2011
HAT-P-36 b,960,1.8482 Jupiters,12.146,2011
HAT-P-37 b,1274,1.169 Jupiters,13.427,2011
HAT-P-38 b,832,0.267 Jupiters,12.525,2012
HAT-P-39 b,2274,0.599 Jupiters,12.282,2012
HAT-P-3 b,439,0.65 Jupiters,11.856,2007
HAT-P-40 b,1515,0.48 Jupiters,11.34,2012
HAT-P-32 b,943,0.68 Jupiters,11.439,2011
HAT-P-33 b,1292,0.92 Jupiters,11.032,2011
HAT-P-34 b,813,3.33 Jupiters,10.403,2011
HAT-P-35 b,1654,1.056 Jupiters,12.389,2011
HAT-P-36 b,960,1.8482 Jupiters,12.146,2011
HAT-P-37 b,1274,1.169 Jupiters,13.427,2011
HAT-P-38 b,832,0.267 Jupiters,12.525,2012
HAT-P-39 b,2274,0.599 Jupiters,12.282,2012
HAT-P-3 b,439,0.65 Jupiters,11.856,2007
HAT-P-40 b,1515,0.48 Jupiters,11.34,2012
HAT-P-41 b,1136,1.19 Jupiters,11.365,2012
HAT-P-42 b,1322,1.044 Jupiters,12.125,2012
HAT-P-43 b,1725,0.662 Jupiters,13.279,2012
HAT-P-44 b,1135,0.352 Jupiters,13.225,2014
HAT-P-44 c,1135,4 Jupiters,13.225,2014
HAT-P-45 b,974,0.892 Jupiters,12.783,2014
HAT-P-46 b,948,0.493 Jupiters,11.997,2014
HAT-P-49 b,1143,2.2 Jupiters,10.205,2014
HAT-P-4 b,1045,0.671 Jupiters,11.118,2007
HAT-P-50 b,1681,1.35 Jupiters,11.703,2015
HAT-P-41 b,1136,1.19 Jupiters,11.365,2012
HAT-P-42 b,1322,1.044 Jupiters,12.125,2012
HAT-P-43 b,1725,0.662 Jupiters,13.279,2012
HAT-P-44 b,1135,0.352 Jupiters,13.225,2014
HAT-P-44 c,1135,4 Jupiters,13.225,2014
HAT-P-45 b,974,0.892 Jupiters,12.783,2014
HAT-P-46 b,948,0.493 Jupiters,11.997,2014
HAT-P-49 b,1143,2.2 Jupiters,10.205,2014
HAT-P-4 b,1045,0.671 Jupiters,11.118,2007
HAT-P-50 b,1681,1.35 Jupiters,11.703,2015
HAT-P-41 b,1136,1.19 Jupiters,11.365,2012
HAT-P-42 b,1322,1.044 Jupiters,12.125,2012
HAT-P-43 b,1725,0.662 Jupiters,13.279,2012
HAT-P-44 b,1135,0.352 Jupiters,13.225,2014
HAT-P-44 c,1135,4 Jupiters,13.225,2014
HAT-P-45 b,974,0.892 Jupiters,12.783,2014
HAT-P-46 b,948,0.493 Jupiters,11.997,2014
HAT-P-49 b,1143,2.2 Jupiters,10.205,2014
HAT-P-4 b,1045,0.671 Jupiters,11.118,2007
HAT-P-50 b,1681,1.35 Jupiters,11.703,2015
HAT-P-41 b,1136,1.19 Jupiters,11.365,2012
HAT-P-42 b,1322,1.044 Jupiters,12.125,2012
HAT-P-43 b,1725,0.662 Jupiters,13.279,2012
HAT-P-44 b,1135,0.352 Jupiters,13.225,2014
HAT-P-44 c,1135,4 Jupiters,13.225,2014
HAT-P-45 b,974,0.892 Jupiters,12.783,2014
HAT-P-46 b,948,0.493 Jupiters,11.997,2014
HAT-P-49 b,1143,2.2 Jupiters,10.205,2014
HAT-P-4 b,1045,0.671 Jupiters,11.118,2007
HAT-P-50 b,1681,1.35 Jupiters,11.703,2015
HAT-P-51 b,1436,0.309 Jupiters,13.51,2015
HAT-P-52 b,1178,0.818 Jupiters,14.107,2015
HAT-P-53 b,2175,1.484 Jupiters,13.78,2015
HAT-P-54 b,469,0.76 Jupiters,13.398,2015
HAT-P-55 b,1668,0.582 Jupiters,13.197,2015
HAT-P-56 b,1046,2.31 Jupiters,10.92,2015
HAT-P-57 b,913,1.41 Jupiters,10.639,2015
HAT-P-58 b,1682,0.372 Jupiters,12.925,2021
HAT-P-59 b,866,1.54 Jupiters,11.64,2021
HAT-P-5 b,989,0.98 Jupiters,11.954,2007
HATS-15 b,3717,2.17 Jupiters,14.909,2016
HATS-16 b,2469,3.27 Jupiters,13.957,2016
HATS-17 b,1306,1.338 Jupiters,12.402,2016
HATS-18 b,2037,1.9795 Jupiters,14.188,2016
HATS-1 b,926,1.855 Jupiters,12.155,2012
HATS-22 b,749,2.74 Jupiters,13.397,2017
HATS-23 b,2084,1.47 Jupiters,13.84,2017
HATS-24 b,1612,2.26 Jupiters,12.915,2017
HATS-25 b,1537,0.613 Jupiters,13.172,2016
HATS-26 b,2811,0.65 Jupiters,13.006,2016
